gid,track,track_name,tag,headline,slug,doi,key_anchor,pubdate,summary
1,t1,Papers & Preprints,Paper Update,Breeder Design Point Published: Hyperion's Q = 3.076 Reference Case,hyperion-breeder-design-point-published,10.5281/zenodo.22645691,Q = 3.076 (frozen design point) ; P_fus = 85.04 MW,2026-09-13,"Kronos has frozen the numbers behind its Hyperion breeder, giving every downstream design paper in the series a single, fixed target to match."
71,t2,Results & Findings,Result,Breeder Design Confirms Net Tritium Self-Sufficiency at TBR ≥ 1.05,net-tritium-breeding-confirmed-self-sufficient,10.5281/zenodo.22645691,TBR ≥ 1.05 (1.12 SN / 1.07 DN),2026-09-13,"Modeled neutronics across Hyperion's blanket show the breeder produces more tritium than it burns, with margin held in reserve for decay and future startup fuel."
130,t3,De-risking Gates Closed,Gate,Gate closed: net tritium breeding clears self-sufficiency,gate-net-tritium-breeding,10.5281/zenodo.22645689,TBR ≥ 1.05 (1.12 SN / 1.07 DN),2026-09-13,"Kronos has closed the de-risking gate confirming the Hyperion breeder's blanket produces more tritium than it burns, with margin to spare for decay losses and startup fuel for the next machine."
184,t4,Analyses,Analysis,Kronos Publishes Full Turbulence Run Behind Breeder's Negative-Triangularity Shaping,transport-core-turbulence-cgyro,10.5281/zenodo.22136279,Q = 3.076 (frozen design point) ; P_fus = 85.04 MW,2026-09-14,"A nonlinear gyrokinetic simulation, not a linear estimate, now backs the plasma-shaping choice meant to steady the breeder's edge without leaning on a disruption-prone confinement barrier."
205,t5,Open Data & Reproductions,Open-Data Update,Kronos Posts Breeder Design-Point Dataset to Zenodo,breeder-design-point-dataset-live,10.5281/zenodo.22645691,Q = 3.076 (frozen design point) ; P_fus = 85.04 MW,2026-09-14,"The frozen numbers behind the Hyperion breeder are now a permanent, versioned Zenodo record instead of figures quoted only in a paper."
233,t6,Design Locks,Design Lock,Design locked: breeder's cryogenic network fixed at 20 K,design-lock-20k-cryogenic-network,10.5281/zenodo.22645691,centrepost 16.84 T,2026-09-14,"Kronos has frozen the closed-cycle cooling architecture behind its breeder's magnets, the choice that lets a 16.84 T centrepost fit inside a compact machine instead of a much larger one."
255,t7,Methods & Tools,Methods Update,Kronos Opens the Physics Engine Behind Its Published Numbers,methods-toolkit-released,10.5281/zenodo.22645691,Q = 3.076 (frozen design point) ; P_fus = 85.04 MW,2026-09-15,"Kronos has released the toolkit it uses internally to derive its frozen design points, putting the evaluator behind the breeder and burner numbers into anyone's hands."
2,t1,Papers & Preprints,Paper Update,Burner Design Point Published: The D–³He Tandem-Mirror Reference Case,burner-design-point-published-tandem-mirror,10.5281/zenodo.22645700,Q_E = 1.318 (burner) ; f_n = 5.44% (low-neutron),2026-09-16,"Kronos has fixed the numbers behind its low-neutron burner line, the shared physics core that both the Aegis defense generator and the MetroVolt data-center generator build outward from."
72,t2,Results & Findings,Result,Centrepost Stress Passes With Margin at 181 MPa,centrepost-stress-passes-with-margin,10.5281/zenodo.22645691,centrepost 16.84 T ; centrepost 181 MPa PASS,2026-09-16,"A finite-element check of Hyperion's most heavily loaded structural column clears its material limit at the frozen design point, freeing the rest of the radial build to proceed on fixed numbers."
131,t3,De-risking Gates Closed,Gate,Gate Closed: Hyperion's Centrepost Passes Its Structural Margin at 181 MPa,gate-centrepost-structural-margin,10.5281/zenodo.22645689,centrepost 16.84 T ; centrepost 181 MPa PASS,2026-09-16,"The column carrying the breeder's 16.84-tesla core field has cleared its de-risking check, the load-bearing result every downstream shielding and thermal analysis is measured against."
188,t4,Analyses,Analysis,Structural: the vacuum vessel's 1-D thermal profile,structural-vacuum-vessel-thermal,10.5281/zenodo.22645691,I_p = 9.66 MA ; centrepost 16.84 T,2026-09-17,"A new thermal analysis maps the temperature gradient across the vacuum vessel wall, the input every downstream stress calculation for the vessel — including the centrepost's own structural result — depends on."
206,t5,Open Data & Reproductions,Open-Data Update,Kronos Posts Burner Design-Point Dataset for Independent Reproduction,burner-design-point-dataset-posted,10.5281/zenodo.22645700,Q_E = 1.318 (burner) ; f_n = 5.44% (low-neutron),2026-09-17,"Every input behind the burner's headline efficiency and gain figures is now downloadable, so an outside reader can re-derive the numbers rather than take them on trust."
234,t6,Design Locks,Design Lock,Design Locked: Center-Stack Shielding for the Breeder's Core,design-lock-center-stack-shielding,10.5281/zenodo.22645691,centrepost 16.84 T,2026-09-17,"The shield around the machine's most exposed structural column now has a fixed reference layout, ahead of the detailed engineering paper."
256,t7,Methods & Tools,Methods Update,Recompute it yourself: Kronos puts its validators live in the browser,methods-validators-live,10.5281/zenodo.22645689,centrepost 16.84 T ; centrepost 181 MPa PASS,2026-09-18,"Every claim in Kronos's de-risking register, from tritium breeding to magnet field strength, can now be recalculated live in the browser instead of taken on faith from a static number."
3,t1,Papers & Preprints,Paper Update,Kronos Publishes the REBCO Conductor Basis Behind Both Machines,rebco-conductor-basis-published,10.5281/zenodo.22645697,centrepost 16.84 T ; plug 26.49 T,2026-09-19,A new open dataset documents the high-temperature superconducting tape that makes both the breeder's centrepost field and the burner's plug field possible in a compact envelope.
73,t2,Results & Findings,Result,Breeder Fusion Gain Frozen at Q = 3.076,breeder-fusion-gain-frozen-q-3076,10.5281/zenodo.22645691,Q = 3.076 (frozen design point),2026-09-19,"Kronos has frozen the fusion-gain figure the rest of the breeder platform is designed against, and judges Hyperion on the materials it produces rather than on electricity."
132,t3,De-risking Gates Closed,Gate,Gate Closed: Center-Stack Shielding Protects the Core Column,gate-center-stack-shielding,10.5281/zenodo.22645689,centrepost 16.84 T,2026-09-19,"Kronos has locked the shield's layer count and material sequencing around the centrepost, closing a de-risking gate long before the column carrying 16.84 T ever sees a real neutron."
189,t4,Analyses,Analysis,Structural Analysis Traces Gravity Loads From Magnets to Foundation,structural-support-gravity-loads,10.5281/zenodo.22645691,centrepost 16.84 T,2026-09-19,"A new load-path study checks that Hyperion's heaviest components, anchored by the 16.84-tesla centrepost magnet set, can be supported without misaligning the machine's field."
207,t5,Open Data & Reproductions,Open-Data Update,REBCO magnet and tape basis released as a citable dataset,rebco-magnet-tape-dataset-released,10.5281/zenodo.22645697,centrepost 16.84 T,2026-09-19,"Kronos has posted the REBCO superconductor basis behind its highest-field magnet as an open, citable dataset — the reference every downstream magnet and thermal analysis in the breeder program cites back to."
51,t1,Papers & Preprints,Paper Update,Kronos Publishes REBCO Tape Qualification Data as a Standalone Descriptor,rebco-tape-qualification-data-descriptor,10.5281/zenodo.22645697,centrepost 16.84 T ; plug 26.49 T,2026-09-20,"A precise, reusable record of how the superconducting tape behind both machines' magnets was qualified is now public in its own right, separate from the paper that argues the physics."
74,t2,Results & Findings,Result,Breeder's Fusion-Power Point Frozen at 85.04 Megawatts,breeder-fusion-power-point-frozen-85mw,10.5281/zenodo.22645691,Q = 3.076 (frozen design point) ; P_fus = 85.04 MW,2026-09-20,"Every downstream engineering budget on the Hyperion breeder now scales from a single frozen power figure, anchored to materials output rather than electricity."
133,t3,De-risking Gates Closed,Gate,Gate closed: fluence budget sets the breeder centrepost's replacement life,gate-fluence-budget-lifetime,10.5281/zenodo.22645689,centrepost 16.84 T,2026-09-20,"Kronos has turned years of neutron damage into a defined service-life number for the column carrying the breeder's 16.84 T core field, rather than leaving the question open-ended."
235,t6,Design Locks,Design Lock,Kronos Locks the Design of the Breeder's Vacuum Vessel Shell,design-lock-vacuum-vessel,10.5281/zenodo.22645691,I_p = 9.66 MA,2026-09-20,"The structural boundary that holds plasma vacuum against atmosphere is now fixed to a reference geometry, giving every downstream structural check a stable target."
257,t7,Methods & Tools,Methods Update,"A Digital Twin of the Breeder, Component by Component",methods-digital-twin,10.5281/zenodo.22645691,I_p = 9.66 MA ; δ = −0.30 (negative triangularity),2026-09-20,"Kronos has published a clickable, component-level model of the Hyperion breeder, built directly on the frozen design point, so the machine can be inspected years before any steel is cut."
75,t2,Results & Findings,Result,Breeder Plasma Current Frozen at 9.66 MA,breeder-plasma-current-frozen-966ma,10.5281/zenodo.22645691,I_p = 9.66 MA ; δ = −0.30 (negative triangularity),2026-09-21,"Fixing Hyperion's plasma current to a single reference value lets structural, shielding, and control teams design against one number instead of a range."
190,t4,Analyses,Analysis,Structural Analysis Maps the Forces Hyperion's Own Field Creates,structural-electromagnetic-loads,10.5281/zenodo.22645691,I_p = 9.66 MA ; centrepost 16.84 T,2026-09-21,"At a plasma current of 9.66 MA inside a 16.84-tesla field, the electromagnetic forces on the breeder's magnet set and vessel are a primary structural load, not an afterthought."
209,t5,Open Data & Reproductions,Open-Data Update,CGYRO turbulence dataset now carries a permanent DOI,cgyro-turbulence-dataset-doi,10.5281/zenodo.22136279,δ = −0.30 (negative triangularity),2026-09-21,"The nonlinear gyrokinetic simulation runs behind Kronos's negative-triangularity shaping choice are now posted as a versioned, citable dataset, open for independent comparison."
236,t6,Design Locks,Design Lock,Kronos Locks the Breeder's Magnet-Set Geometry,design-lock-magnet-set-geometry,10.5281/zenodo.22645691,I_p = 9.66 MA ; δ = −0.30 (negative triangularity),2026-09-21,"The coil layout behind Hyperion's frozen field profile is now fixed, giving every downstream structural, quench, and thermal analysis a stable reference to check against."
258,t7,Methods & Tools,Methods Update,Kronos Scopes What Its Simulation Stack Can Model Today,methods-simulation-suite-scope,10.5281/zenodo.22136279,δ = −0.30 (negative triangularity),2026-09-21,"A layered approach to simulation keeps each code answering only the physics question it was built for, and says plainly which parts are still being integrated."
134,t3,De-risking Gates Closed,Gate,Gate closed: negative-triangularity shaping validated in nonlinear CGYRO,gate-negative-triangularity-stability,10.5281/zenodo.22136279,δ = −0.30 (negative triangularity),2026-09-22,Simulation confirms the breeder's outward-pointing D-shape suppresses the edge turbulence behind one of a compact tokamak's sharpest failure modes.
135,t3,De-risking Gates Closed,Gate,Kronos Closes De-Risking Gate on Fast-Acting Plasma Fault Control,gate-vde-control,10.5281/zenodo.22645689,I_p = 9.66 MA,2026-09-22,A vertical-displacement event can end a discharge and load the vessel hard if it isn't caught early; Kronos says its control system catches one at the plasma's own timescale in simulation.
191,t4,Analyses,Analysis,"Neutronics: The Blanket's Breeding Margin, at the Frozen Point",neutronics-blanket-breeding,10.5281/zenodo.22645691,TBR ≥ 1.05 (1.12 SN / 1.07 DN),2026-09-22,"Kronos has published the reaction accounting behind its headline breeding ratio, tracking every neutron born in the plasma to see how much of it becomes tritium fuel."
212,t5,Open Data & Reproductions,Open-Data Update,De-Risking Register Evidence Base Posted as a Live Deposit,de-risking-register-evidence-base-live,10.5281/zenodo.22645689,Q = 3.076 (frozen design point) ; centrepost 181 MPa PASS,2026-09-22,"Kronos has put its gate-by-gate evidence methodology on the open record, so headline figures like Q = 3.076 and the passing centrepost stress trace back to a checkable entry rather than standing as bare assertions."
237,t6,Design Locks,Design Lock,Design Locked: Hyperion's Divertor and Exhaust Path,design-lock-divertor-exhaust,10.5281/zenodo.22645691,δ = −0.30 (negative triangularity),2026-09-22,"The breeder's negative-triangularity shape steadies the plasma edge, letting Kronos lock a reference geometry for channeling exhaust heat away from the core."
76,t2,Results & Findings,Result,Burner Direct-Conversion Efficiency Frozen at η = 0.49,burner-direct-conversion-efficiency-frozen,10.5281/zenodo.22645700,η_DEC = 0.49,2026-09-23,"Kronos has frozen the direct energy-conversion efficiency for its D-³He burner line at 0.49, using a five-channel stack to capture charged-particle exhaust without ever routing it through a thermal cycle."
77,t2,Results & Findings,Result,Kronos Freezes Burner Engineering Gain at Q_E = 1.318,burner-engineering-gain-frozen-qe-1318,10.5281/zenodo.22645700,Q_E = 1.318 (burner) ; plug 26.49 T,2026-09-23,"The honest efficiency figure for a burner whose real value is low-neutron output, not raw fusion power, is now locked at the frozen design point."
192,t4,Analyses,Analysis,Kronos Maps What the Breeder's Center-Stack Shield Has to Stop,neutronics-shield-attenuation,10.5281/zenodo.22645691,centrepost 16.84 T,2026-09-23,"A neutronics analysis lays out the flux the Hyperion breeder's innermost shield has to absorb, ahead of the specific attenuation numbers."
217,t5,Open Data & Reproductions,Open-Data Update,AI + Quantum method ships with a three-environment cold reproduction,ai-quantum-method-three-env-cold-repro,10.5281/zenodo.22645702,,2026-09-23,"Rather than asserting its method runs cleanly, Kronos ran it from scratch in three separate environments and published the log showing each one reached the same answer."
259,t7,Methods & Tools,Methods Update,Kronos Ties Every Published Figure Back to Its Source Numbers,methods-figure-pipeline,10.5281/zenodo.22645691,δ = −0.30 (negative triangularity) ; Q_E = 1.318 (burner),2026-09-23,"A canon-lock pipeline generates Kronos's charts directly from the same design-point data the papers cite, so a figure can never silently drift from the number behind it."
136,t3,De-risking Gates Closed,Gate,Gate Closed: The Cryogenic Heat Load Balances at 20 K,gate-cryogenic-heat-load,10.5281/zenodo.22645689,centrepost 16.84 T,2026-09-24,"Kronos has closed the de-risking gate confirming its magnet cooling system clears the heat load it will see, at a cold point far less demanding than traditional superconductor baths."
193,t4,Analyses,Analysis,"Neutronics: What Becomes Radioactive, and for How Long",neutronics-activation-inventory,10.5281/zenodo.22645691,TBR ≥ 1.05 (1.12 SN / 1.07 DN),2026-09-24,The same 14.1 MeV neutron flux that lets Hyperion breed tritium also activates the structure around it; Kronos is tracking that inventory as a distinct analysis from the breeding calculation itself.
218,t5,Open Data & Reproductions,Open-Data Update,Kronos Publishes the Actual Code Behind Its Design-Point Numbers,physics-toolkit-open-on-github,,Q = 3.076 (frozen design point) ; Q_E = 1.318 (burner),2026-09-24,"The evaluator engine that re-derives the breeder's and burner's headline gain figures is public on GitHub, not a simplified stand-in."
238,t6,Design Locks,Design Lock,Design locked: first-wall material selection,design-lock-first-wall-material,,,2026-09-24,"Kronos has locked the reference material and panel arrangement for the breeder's first wall, the component most directly exposed to the burning plasma of anything in the machine."
260,t7,Methods & Tools,Methods Update,Inside the Engine That Re-Derives Kronos's Headline Q = 3.076,methods-evaluator-engine,10.5281/zenodo.22645691,Q = 3.076 (frozen design point) ; Q_E = 1.318 (burner),2026-09-24,"The breeder's frozen fusion-gain figure is not a stored constant &mdash; it is recomputed from scratch every time Kronos's evaluator runs, and checked cold across independent environments before it is trusted."
78,t2,Results & Findings,Result,Burner's Neutron Fraction Characterized at 5.44 Percent,burner-neutron-fraction-characterized,10.5281/zenodo.22645700,f_n = 5.44% (low-neutron),2026-09-25,"A low-neutron result from the D-helium-3 burner is the physical basis for both of its fixed, non-naval housings."
137,t3,De-risking Gates Closed,Gate,Gate closed: the breeder's magnet set fails safe on quench,gate-magnet-quench-protection,10.5281/zenodo.22645689,centrepost 16.84 T,2026-09-25,"Kronos has closed the base quench-protection gate behind the 16.84 T centrepost field, engineering a controlled shutdown into the coil set rather than leaving failure to chance."
203,t4,Analyses,Analysis,Kronos Weighs Isotope Yield Against the Breeder's Neutron Budget,isotope-pathway-yield-vs-budget,10.5281/zenodo.22645691,TBR ≥ 1.05 (1.12 SN / 1.07 DN),2026-09-25,"Every neutron the breeder produces is already accounted for before any isotope beyond tritium, including helium-3, can draw against the same budget."
239,t6,Design Locks,Design Lock,Design Locked: The Breeding Blanket,design-lock-breeding-blanket,10.5281/zenodo.22645691,TBR ≥ 1.05 (1.12 SN / 1.07 DN),2026-09-25,"Kronos has locked the reference design for the shell that turns fusion neutrons into tritium fuel, fixing its zoning and material placement to a breeding ratio with margin to spare."
261,t7,Methods & Tools,Methods Update,Checking Our Work: The Benchmark Harness and the Codes We Run Against,methods-benchmark-harness,10.5281/zenodo.22136279,δ = −0.30 (negative triangularity) ; β_N 2.13 vs 1.53 (open),2026-09-25,"Kronos runs its own design choices through an independent turbulence code rather than grading them with its own toolkit alone, and says plainly where the two still disagree."
79,t2,Results & Findings,Result,"Kronos Fixes Hyperion's Centrepost Field at 16.84 Tesla, Paired With Its Structural Pass",centrepost-field-point-set-1684t,10.5281/zenodo.22645691,centrepost 16.84 T ; centrepost 181 MPa PASS,2026-09-26,"REBCO superconducting tape running near 20 kelvin is what makes the breeder's high-field, compact centrepost coil possible in the first place."
138,t3,De-risking Gates Closed,Gate,Gate closed: superconducting joints hold field within budget,gate-superconducting-joints,10.5281/zenodo.22645689,centrepost 16.84 T,2026-09-26,"Kronos has closed the de-risking gate on the joints that connect segments of REBCO tape in the breeder's magnet set, checking their design against a resistance budget that protects the centrepost's field."
219,t5,Open Data & Reproductions,Open-Data Update,Kronos Refreshes the Open-Source Evaluator Behind Its Design-Point Numbers,design-point-evaluator-refreshed,,Q = 3.076 (frozen design point) ; η_DEC = 0.49,2026-09-26,"A routine update to the public toolkit improves how faithfully the open evaluator reproduces frozen figures like Q = 3.076, without changing the frozen numbers themselves."
240,t6,Design Locks,Design Lock,Design Locked: Five-Channel Power-Conversion Stack for the Burner,design-lock-dec-stack,10.5281/zenodo.22645700,Q_E = 1.318 (burner) ; f_n = 5.44% (low-neutron),2026-09-26,"Five conversion stages, arranged to capture charged-particle exhaust directly as current, are now fixed as the burner's reference design."
262,t7,Methods & Tools,Methods Update,"Building the transport stack: SOLPS, GENE, and EIRENE, edge to core",methods-transport-stack,10.5281/zenodo.22136279,,2026-09-26,"Kronos is coupling three specialist plasma-physics codes rather than writing one generalist solver, and says plainly which parts are finished and which are still under construction."
80,t2,Results & Findings,Result,Plug Field Confirmed at 26.49 Tesla for the Tandem-Mirror Burner,central-cell-field-point-set-tandem-mirror,10.5281/zenodo.22645693,plug 26.49 T,2026-09-27,"Kronos publishes the burner's plug field as a confirmed anchor point, while holding back the companion central-cell figure until it clears an internal cross-check."
139,t3,De-risking Gates Closed,Gate,Gate Closed: The Vacuum Vessel Holds Under Its Design Loads,gate-vacuum-vessel-structure,10.5281/zenodo.22645689,I_p = 9.66 MA,2026-09-27,"Kronos has closed the structural gate on the pressure boundary that holds plasma vacuum against atmosphere, checking it against the breeder's full combined load case."
220,t5,Open Data & Reproductions,Open-Data Update,Figure-Reproduction Scripts Planned for the Open Toolkit,figure-reproduction-scripts-planned,,Q = 3.076 (frozen design point) ; centrepost 16.84 T,2026-09-27,"Kronos plans to ship the scripts behind its published charts, not just the charts themselves, so a reader can regenerate a figure from the same numbers instead of trusting that the picture matches the paper."
241,t6,Design Locks,Design Lock,Design Locked: How Hyperion's Superconducting Tape Gets Joined,design-lock-superconducting-joints,10.5281/zenodo.22645691,centrepost 16.84 T,2026-09-27,No REBCO coil is wound from one continuous piece of tape — Kronos has fixed the joint geometry behind the breeder's 16.84-tesla centrepost field.
263,t7,Methods & Tools,Methods Update,Inside a CGYRO run: the turbulence workflow behind negative triangularity,methods-cgyro-workflow,10.5281/zenodo.22136279,δ = −0.30 (negative triangularity),2026-09-27,"Kronos has published the CGYRO simulation workflow behind its negative-triangularity shaping choice, showing how the result is checked in a saturated nonlinear run rather than assumed from linear theory."
81,t2,Results & Findings,Result,"Kronos Fixes the Burner's Mirror Plug Ratio, Holds Back the Unconfirmed Number",mirror-plug-ratio-fixed-burner,10.5281/zenodo.22645693,plug 26.49 T,2026-09-28,"The plug field behind the tandem-mirror burner is canonical at 26.49 T, but Kronos says it would rather publish a gap than a plug ratio it can't yet defend."
140,t3,De-risking Gates Closed,Gate,Gate Closed: Breeder's Divertor Clears Its Heat-Handling Check,gate-divertor-heat-handling,10.5281/zenodo.22645689,δ = −0.30 (negative triangularity),2026-09-28,"A shaping result that suppresses edge turbulence also gives the breeder's exhaust path a steadier load to design against, closing a gate in the public Register."
221,t5,Open Data & Reproductions,Open-Data Update,Validator suite goes live: recompute the gates yourself,validator-suite-live-recompute,10.5281/zenodo.22645689,,2026-09-28,"Kronos's evidence base for its de-risking register can now be checked card by card in a browser, alongside the offline route that already let anyone rerun the numbers locally."
222,t5,Open Data & Reproductions,Open-Data Update,Kronos Verifies One-Command Reproduction in a Clean Test Environment,one-command-reproduction-clean-environment-a,10.5281/zenodo.22645702,,2026-09-28,"A machine with nothing pre-installed reproduced the AI + Quantum method deposit's own reported output using a single command, the toughest version of a 'run it yourself' claim."
242,t6,Design Locks,Design Lock,Design Locked: The Tritium Fuel-Handling System,design-lock-fuel-handling-system,10.5281/zenodo.22645691,TBR ≥ 1.05 (1.12 SN / 1.07 DN),2026-09-28,"Kronos has fixed the architecture that moves tritium from blanket to storage to plasma, sized to preserve breeding margin rather than lose it to processing."
82,t2,Results & Findings,Result,Negative Triangularity Validated in Nonlinear CGYRO at δ = −0.30,negative-triangularity-validated-nonlinear-cgyro,10.5281/zenodo.22136279,δ = −0.30 (negative triangularity),2026-09-29,"An independent turbulence code confirms the edge-shaping choice behind Hyperion's plasma boundary, trading the risk of a collapsing H-mode pedestal for a steadier, more predictable edge."
141,t3,De-risking Gates Closed,Gate,Gate Closed: Hyperion's First Wall Passes Its 14 MeV Neutron Survivability Check,gate-first-wall-survivability,10.5281/zenodo.22645689,,2026-09-29,Every deuterium-tritium fusion event fires a 14.1 MeV neutron and a 3.5 MeV alpha at the first surface inside the machine — Kronos has confirmed its chosen wall material survives that duty across a qualified service life.
243,t6,Design Locks,Design Lock,Design locked: the helium-3 capture path,design-lock-helium-3-capture-path,10.5281/zenodo.22645691,TBR ≥ 1.05 (1.12 SN / 1.07 DN),2026-09-29,"Kronos has locked where and how helium-3, a co-product of the breeder's neutron economy, gets pulled out of the blanket loop — engineered around the tritium breeding case rather than ahead of it."
265,t7,Methods & Tools,Methods Update,"One Command, One Number: Kronos Explains Its Reproduction Script",methods-reproduction-script,10.5281/zenodo.22645691,Q = 3.076 (frozen design point) ; P_fus = 85.04 MW,2026-09-29,"The public toolkit ships a single entry point that walks a reader from a clean checkout to the same governing outputs cited in Kronos's papers, with every intermediate step visible."
266,t7,Methods & Tools,Methods Update,Kronos Standardizes the Schema Behind Its Public Datasets,methods-data-schema,10.5281/zenodo.22136279,,2026-09-29,A shared format across every Zenodo deposit is meant to make one Kronos dataset as easy to check as any other.
83,t2,Results & Findings,Result,Modeling shows negative triangularity sidesteps edge-localized modes entirely,elm-suppression-modeled-negative-triangularity,10.5281/zenodo.22645689,δ = −0.30 (negative triangularity),2026-09-30,"Rather than mitigating the heat pulses of a collapsing plasma edge, Kronos's shaping choice is modeled to stop the pedestal that collapses from ever forming."
142,t3,De-risking Gates Closed,Gate,Kronos Closes De-Risking Gate on the Burner's Plug-Density Operating Point,gate-plug-density-operating-point,10.5281/zenodo.22645689,Q_E = 1.318 (burner) ; plug 26.49 T,2026-09-30,"Kronos states the burner's plug-density requirement in the open as part of closing a de-risking gate, treating a hard number as a fact to publish rather than a caveat to bury."
223,t5,Open Data & Reproductions,Open-Data Update,Second Independent Environment Reproduces the Same Numbers,one-command-reproduction-clean-environment-b,10.5281/zenodo.22645702,,2026-09-30,"A second, differently configured environment has now reproduced the same output from Kronos's AI-plus-quantum method deposit, turning one clean run into the start of a pattern."
244,t6,Design Locks,Design Lock,Design Locked: Diagnostics Port Layout,design-lock-diagnostics-ports,10.5281/zenodo.22645691,centrepost 16.84 T,2026-09-30,Kronos has fixed the physical openings that will let instruments see into Hyperion's plasma without breaching the vacuum boundary or the shielding around its 16.84 T centrepost.
267,t7,Methods & Tools,Methods Update,How Kronos Traces Every Published Number Back to Its Source,methods-provenance-system,10.5281/zenodo.22645691,centrepost 181 MPa PASS ; TBR ≥ 1.05 (1.12 SN / 1.07 DN),2026-09-30,A provenance system links figures like the breeder's tritium-breeding ratio and centrepost stress result to the exact assumption set and code path that produced them.
84,t2,Results & Findings,Result,"Vertical-Displacement Event Caught in Simulation, at the Plasma's Own Timescale",vertical-displacement-event-caught-in-simulation,10.5281/zenodo.22645689,,2026-10-01,"Running against the digital twin of the frozen Hyperion design point, Kronos's control policy identifies and corrects a modeled vertical-displacement event before it can develop into a disruption."
143,t3,De-risking Gates Closed,Gate,"Kronos Closes De-Risking Gate on Burner Efficiency, Freezing η_DEC at 0.49",gate-burner-efficiency-point,10.5281/zenodo.22645689,Q_E = 1.318 (burner) ; f_n = 5.44% (low-neutron),2026-10-01,"The direct-energy-conversion figure behind the burner's low-neutron value case is now stamped in the public de-risking register, alongside engineering gain and neutron fraction."
144,t3,De-risking Gates Closed,Gate,Gate Closed: Burner's Five-Stage Power Conversion Validated Together,gate-dec-stack,10.5281/zenodo.22645689,Q_E = 1.318 (burner) ; f_n = 5.44% (low-neutron),2026-10-01,The de-risking Register now certifies that the burner's five conversion channels work together at their stated efficiency.
224,t5,Open Data & Reproductions,Open-Data Update,Outside runner confirms the AI + Quantum method's cold reproduction,cold-repro-confirmed-outside-runner,10.5281/zenodo.22645702,,2026-10-01,The third of three independent cold-reproduction environments closes the loop on an open-data claim: someone starting from nothing but the public deposit reached the same answer Kronos did.
246,t6,Design Locks,Design Lock,Kronos Locks the Breeder's Reference Assembly Sequence,design-lock-assembly-sequence,,,2026-10-01,"The build order for centrepost, magnets, vessel, blanket, shield, and diagnostics is now fixed on paper, ahead of any hardware being cut."
85,t2,Results & Findings,Result,Load-Following Modeled Against a Grid Demand Profile,load-following-modeled-grid-demand-profile,,,2026-10-02,"Kronos has tested, on its digital twin, whether the burner platform can vary output to track demand rather than run at a single fixed level."
86,t2,Results & Findings,Result,Digital Twin Reproduces the Frozen Breeder Design Point,digital-twin-reproduces-frozen-breeder-design-point,10.5281/zenodo.22645691,Q = 3.076 (frozen design point) ; P_fus = 85.04 MW,2026-10-02,"Before trusting the twin with a control policy or a structural margin, Kronos checked that it reproduces Hyperion's own reference numbers first."
226,t5,Open Data & Reproductions,Open-Data Update,Kronos Refreshes Data-Availability Statements Across All Six Live Deposits,data-availability-statements-refreshed,10.5281/zenodo.22136279,,2026-10-02,"Routine housekeeping keeps the license, contents, and reproduction instructions current for the breeder, burner, magnet, AI-method, register, and turbulence datasets alike."
247,t6,Design Locks,Design Lock,Design locked: the Aegis housing,design-lock-aegis-housing,10.5281/zenodo.22645700,Q_E = 1.318 (burner) ; f_n = 5.44% (low-neutron),2026-10-02,"Kronos has locked the housing configuration for Aegis, its fixed forward-base defense generator, built around the same low-neutron D-³He burner core as the MetroVolt data-center product."
268,t7,Methods & Tools,Methods Update,"Why Kronos Publishes Ranges, Not Rounded Points, on Its Breeding Ratio",methods-uncertainty-method,10.5281/zenodo.22645691,TBR ≥ 1.05 (1.12 SN / 1.07 DN),2026-10-02,"The breeder's net tritium-breeding figure ships as two numbers under two named configurations, not one convenient average, and Kronos says that is a deliberate policy, not an exception."
145,t3,De-risking Gates Closed,Gate,Gate Closed: Helium-3 Co-Production Path Off the Breeder,gate-helium3-coproduction,10.5281/zenodo.22645689,TBR ≥ 1.05 (1.12 SN / 1.07 DN),2026-10-03,"A by-product capture route riding on the breeder's tritium-breeding blanket is now certified sound in design, with an honest caveat about what it does not yet do."
227,t5,Open Data & Reproductions,Open-Data Update,Every Kronos Zenodo deposit ships under CC BY 4.0,every-deposit-cc-by-4-0,,,2026-10-03,"Breeder, burner, magnet, method, and turbulence datasets all carry the most permissive open license Creative Commons offers, letting anyone reuse them commercially with attribution as the only condition."
248,t6,Design Locks,Design Lock,Kronos Locks the Design of the MetroVolt Housing,design-lock-metrovolt-housing,10.5281/zenodo.22645700,Q_E = 1.318 (burner) ; f_n = 5.44% (low-neutron),2026-10-03,"The data-center housing built around the same low-neutron burner core as Aegis is now fixed on paper, arranged for direct-DC delivery into a data-center campus."
249,t6,Design Locks,Design Lock,Design Locked: The Direct-DC Output Stage,design-lock-direct-dc-output-stage,10.5281/zenodo.22645700,Q_E = 1.318 (burner) ; f_n = 5.44% (low-neutron),2026-10-03,"Kronos has fixed the electrical interface where the burner's five-channel conversion stack delivers power, the boundary both Aegis and MetroVolt build outward from."
270,t7,Methods & Tools,Methods Update,What 'Validated' Means at Kronos: The Bar for the Word,methods-verification-method,10.5281/zenodo.22136279,δ = −0.30 (negative triangularity) ; centrepost 181 MPa PASS,2026-10-03,"Kronos uses a narrow, fixed vocabulary, modeled, validated, designed, locked, built, measured, and says a weaker claim should never borrow a stronger word."
87,t2,Results & Findings,Result,Gyrokinetic Simulations Back Up the Confinement Behind Hyperion's Design Point,gyrokinetic-runs-support-confinement-assumptions,10.5281/zenodo.22136279,Q = 3.076 (frozen design point) ; δ = −0.30 (negative triangularity),2026-10-04,"Nonlinear CGYRO turbulence runs under the breeder's negative-triangularity shape return transport levels consistent with its frozen fusion-gain figure, rather than forcing a revision."
146,t3,De-risking Gates Closed,Gate,Gate closed: confinement scaling holds for a compact spherical tokamak,gate-confinement-scaling,10.5281/zenodo.22136279,Q = 3.076 (frozen design point) ; P_fus = 85.04 MW,2026-10-04,"Kronos has closed the de-risking gate confirming the Hyperion breeder's confinement performance tracks established spherical-tokamak scaling, backed by nonlinear turbulence simulation rather than scaling alone."
147,t3,De-risking Gates Closed,Gate,"Kronos Closes MHD Boundary Gate, Leaves One Beta Figure Openly Unresolved",gate-mhd-operating-limit,10.5281/zenodo.22645689,I_p = 9.66 MA ; δ = −0.30 (negative triangularity),2026-10-04,"Locating the breeder's plasma-current and pressure operating window lets every downstream disruption and structural analysis work inside a bounded limit, except one figure inside that same picture, named once and left open."
228,t5,Open Data & Reproductions,Open-Data Update,"A Reproduction Issue, Reported and Fixed",reproduction-issue-reported-fixed,,,2026-10-04,"An open-data program proves itself under outside use, and a stranger's bug report is treated as a gift rather than an embarrassment."
271,t7,Methods & Tools,Methods Update,An open invitation: how to challenge a Kronos number,methods-open-review,10.5281/zenodo.22136279,Q = 3.076 (frozen design point) ; δ = −0.30 (negative triangularity),2026-10-04,"Kronos says its published toolkit, validators, and datasets exist so an outside researcher can check any claim, including the breeder's fusion gain, without needing the company's permission first."
88,t2,Results & Findings,Result,Kronos Bounds Scrape-Off-Layer Heat Flux Within the Divertor's Design Envelope,scrape-off-layer-heat-flux-bounded,10.5281/zenodo.22645689,,2026-10-05,"Edge-transport modeling at the frozen Hyperion design point returns a peak heat-flux figure the divertor is built to absorb, keeping the boundary load inside the machine's design limits."
89,t2,Results & Findings,Result,Divertor Peak Heat Load Modeled Within Design Limit,divertor-peak-heat-load-within-design-limit,10.5281/zenodo.22645689,,2026-10-05,Kronos has modeled the divertor's peak heat load at the frozen breeder design point and found it within the limit for the chosen plasma-facing material.
229,t5,Open Data & Reproductions,Open-Data Update,Benchmark Data Ships Alongside the Claim It Supports,benchmark-data-ships-with-claim,10.5281/zenodo.22136279,δ = −0.30 (negative triangularity),2026-10-05,"Kronos published the full CGYRO run set behind its negative-triangularity result the same day as the claim itself, not as a follow-up once the number had already circulated."
250,t6,Design Locks,Design Lock,Design Locked: How Hyperion's Cryoplant Ties Into the Rest of the Machine,design-lock-cryoplant-integration,10.5281/zenodo.22645691,centrepost 16.84 T,2026-10-05,REBCO tape makes 20 kelvin a workable operating point for a 16.84-tesla magnet — Kronos has now fixed how the cold plant physically interfaces with the vessel and magnets around it.
272,t7,Methods & Tools,Methods Update,A machine as a list of checkable claims: the register method,methods-register-method,10.5281/zenodo.22645689,TBR ≥ 1.05 (1.12 SN / 1.07 DN),2026-10-05,"Kronos explains the methodology behind its public de-risking Register: a fusion machine broken into individually checkable claims, each with its own condition and honest status, rather than a single confidence score."
148,t3,De-risking Gates Closed,Gate,Kronos Closes Gate Confirming Current Drive Sustains the Burn for a Full Pulse,gate-current-drive-sustainment,10.5281/zenodo.22645689,I_p = 9.66 MA,2026-10-06,"Holding the breeder's 9.66 MA plasma current steady takes more than an initial ramp-up; Kronos says it has now checked the sustainment approach for the whole pulse, not just the start."
230,t5,Open Data & Reproductions,Open-Data Update,Kronos Publishes a Provenance Trail for Every Canonical Number,provenance-trail-canonical-number,10.5281/zenodo.22645689,Q = 3.076 (frozen design point) ; P_fus = 85.04 MW,2026-10-06,Each public figure in the de-risking Register now carries a traceable path back to the evaluator and inputs that produced it.
251,t6,Design Locks,Design Lock,Design locked: breeder's radial build recovers about two centimeters,design-lock-radial-build,10.5281/zenodo.22645691,centrepost 16.84 T ; centrepost 181 MPa PASS,2026-10-06,Tighter shielding and structural design around the centrepost freed roughly two centimeters of radial space in a machine where every centimeter competes directly with field strength and shielding.
252,t6,Design Locks,Design Lock,"Kronos Locks the Centrepost at 16.84 Tesla, Passing Its Structural Check at 181 MPa",design-lock-centrepost,10.5281/zenodo.22645691,I_p = 9.66 MA ; centrepost 16.84 T,2026-10-06,"The hardest structural problem in the machine, a central column holding a high field in a small radius under full neutron flux, is now fixed to a geometry that passes its qualified stress margin."
273,t7,Methods & Tools,Methods Update,Where the Model Meets the Metal: The Twin-vs-Hardware Plan,methods-twin-vs-hardware,10.5281/zenodo.22645691,I_p = 9.66 MA ; δ = −0.30 (negative triangularity),2026-10-06,"Kronos is naming, before any hardware exists, exactly how it will check its digital twin against real sensor readings once the breeder is instrumented."
90,t2,Results & Findings,Result,First-Wall Lifetime Estimated Under 14.1 MeV Neutron Fluence,first-wall-lifetime-estimated-under-fluence,10.5281/zenodo.22645689,,2026-10-07,Every D-T fusion event fires a 14.1 MeV neutron straight at the first wall; Kronos has now estimated how long a candidate material can take that punishment before it needs replacing.
91,t2,Results & Findings,Result,Center-Stack Shielding Modeled to Hold Neutron Damage Within Its Target,center-stack-shielding-meets-fluence-target,10.5281/zenodo.22645689,centrepost 16.84 T,2026-10-07,Shielding between the plasma and the superconducting centrepost coil is sized against a fluence budget set for the coil's service life at 16.84 tesla.
149,t3,De-risking Gates Closed,Gate,"Gate closed: fueling rate matches the burn, and the books close",gate-fueling-inventory,10.5281/zenodo.22645689,TBR ≥ 1.05 (1.12 SN / 1.07 DN),2026-10-07,"Kronos has closed the de-risking gate confirming pellet-fueling rate can match fuel consumption across a burn cycle, with the resulting tritium inventory balancing against the breeder's net breeding margin."
150,t3,De-risking Gates Closed,Gate,Kronos Closes Gate on Startup Scenario From Cold Vessel to Burning Plasma,gate-startup-scenario,10.5281/zenodo.22645689,Q = 3.076 (frozen design point) ; P_fus = 85.04 MW,2026-10-07,"Getting the breeder from an empty, cold vessel to its frozen design point is its own staged engineering problem, and Kronos says the full sequence now clears every operating limit in simulation."
274,t7,Methods & Tools,Methods Update,Kronos Opens a Recurring Toolchain-Update Log,methods-toolchain-update,10.5281/zenodo.22645691,,2026-10-07,"A new, regularly recurring slot in the Science Log will track maintenance on the public toolkit, validator hub, digital twin, and figure pipeline, even when there is no headline change to report."
92,t2,Results & Findings,Result,Magnet quench protection validated in model for centrepost and plug coils,magnet-quench-protection-validated-in-model,10.5281/zenodo.22645689,,2026-10-08,Modeled fault scenarios show the coil design behind both the breeder's centrepost and the burner's plug routes a superconducting fault safely away rather than concentrating it at the fault site.
151,t3,De-risking Gates Closed,Gate,Kronos Closes De-Risking Gate on the Breeder's Steady-State Operating Window,gate-steady-state-window,10.5281/zenodo.22645689,Q = 3.076 (frozen design point) ; P_fus = 85.04 MW,2026-10-08,"Rather than certifying a single design point, Kronos has mapped the surrounding region in current, density, and shaping space where the breeder can run indefinitely without drifting toward a limit."
231,t5,Open Data & Reproductions,Open-Data Update,An Open Invitation: Reproduce Our Numbers,open-invitation-reproduce-our-numbers,10.5281/zenodo.22136279,,2026-10-08,"Kronos is inviting outside groups to independently reproduce any of its six public physics deposits and report back, agreement or disagreement both welcome."
232,t5,Open Data & Reproductions,Open-Data Update,"Open-Data Recap: What's Live, What's Runnable",open-data-recap-live-runnable,10.5281/zenodo.22136279,Q = 3.076 (frozen design point) ; P_fus = 85.04 MW,2026-10-08,"A standing scorecard of every dataset Kronos has posted so far, and an equally plain list of what hasn't cleared the gate yet."
253,t6,Design Locks,Design Lock,"Design Locked: Routing Hundreds of Kelvin Across Inches, Not Feet",design-lock-thermal-management-layout,10.5281/zenodo.22645691,centrepost 16.84 T,2026-10-08,"Kronos has fixed the reference layout for moving heat from a burning plasma core to a magnet set held near 20 kelvin, just meters away."
93,t2,Results & Findings,Result,Superconducting Joint Resistance Modeled Within Budget,superconducting-joint-resistance-within-budget,10.5281/zenodo.22645689,centrepost 16.84 T,2026-10-09,Modeling shows the resistance of REBCO tape joints in the breeder's magnet set stays within the budget needed to hold the centrepost's 16.84 T field without excess cryogenic load.
94,t2,Results & Findings,Result,Kronos Balances Cryogenic Heat Load at the Magnets' 20 K Operating Point,cryogenic-heat-load-balanced-20k,10.5281/zenodo.22645689,,2026-10-09,"Every heat source into the REBCO magnet system, from joint resistance to radiative leaks, now has to clear the cryoplant's removal capacity, and Kronos says, in its modeled architecture, it does."
95,t2,Results & Findings,Result,Breeder's Vacuum-Vessel Stress Bounded Under Thermal Load,vacuum-vessel-stress-under-thermal-load-bounded,10.5281/zenodo.22645689,,2026-10-09,A 1-D thermal and structural model of the breeder's outer shell finds peak stress stays inside the design envelope.
152,t3,De-risking Gates Closed,Gate,Gate closed: the turbulence case behind breeder confinement holds,gate-transport-assumptions,10.5281/zenodo.22136279,Q = 3.076 (frozen design point) ; P_fus = 85.04 MW,2026-10-09,"Nonlinear gyrokinetic simulations back the confinement assumptions behind the breeder's Q = 3.076 design point, confirming the shaping physics does what theory predicted rather than assuming it."
254,t6,Design Locks,Design Lock,Kronos Freezes the Breeder's Reference Design Point,reference-machine-point-frozen-breeder,10.5281/zenodo.22136279,Q = 3.076 (frozen design point) ; P_fus = 85.04 MW,2026-10-09,"Every design lock in Kronos's build-out is now checked against one fixed set of numbers, validated in nonlinear turbulence simulation, ahead of construction targeted for 2027."
96,t2,Results & Findings,Result,Direct-Energy-Conversion Efficiency Stacked to η_DEC = 0.49 Across Five Channels,dec-efficiency-stacked-five-channels,10.5281/zenodo.22645700,η_DEC = 0.49,2026-10-10,"Kronos combines five separate conversion methods in series to capture its burner's charged-particle exhaust, reaching a combined efficiency of 0.49 at the frozen design point."
97,t2,Results & Findings,Result,Helium-3 Co-Production Rate Estimated for the Breeder By-Product Stream,helium-3-co-production-rate-estimated,,TBR ≥ 1.05 (1.12 SN / 1.07 DN),2026-10-10,The same neutron economy that closes Hyperion's tritium breeding margin opens a separate by-product stream of helium-3; Kronos has begun sizing how much.
153,t3,De-risking Gates Closed,Gate,Gate Closed: Plasma Boundary Holds Under Its Scrape-Off-Layer Load,gate-sol-loads,10.5281/zenodo.22645689,δ = −0.30 (negative triangularity),2026-10-10,"Heat and particle loads at the edge of Hyperion's plasma stay within design limits, helped by the same shaping that steadies the divertor."
154,t3,De-risking Gates Closed,Gate,Gate closed: the activation and waste case is stamped,gate-activation-waste,10.5281/zenodo.22645689,f_n = 5.44% (low-neutron),2026-10-10,"Kronos has closed the de-risking gate on what becomes radioactive under neutron exposure in the breeder, and for how long, while the low-neutron burner line keeps its own activation picture materially simpler."
155,t3,De-risking Gates Closed,Gate,Kronos Closes Thermal-Management Gate From Plasma Edge to Magnet Set,gate-thermal-management,10.5281/zenodo.22645689,centrepost 16.84 T,2026-10-10,"A burning plasma core and a cryogenic magnet set sit meters apart inside the same machine; Kronos says it has now confirmed heat management holds across that entire gradient, with no bottleneck along the path."
98,t2,Results & Findings,Result,Kronos Models Isotope Yield Against the Breeder's Neutron Budget,isotope-yield-modeled-against-neutron-budget,10.5281/zenodo.22645689,,2026-10-11,Every neutron Hyperion produces is accounted for before any of it is credited toward a medical-isotope pathway.
99,t2,Results & Findings,Result,"Beta-limit gap named, not yet closed",beta-limit-performance-characterized-open-gate,10.5281/zenodo.22645689,β_N 2.13 vs 1.53 (open),2026-10-11,"Kronos is flagging an unresolved gap between its computed and target normalized-pressure limits for the breeder, rather than leaving the question undiscussed."
100,t2,Results & Findings,Result,Kronos Estimates the Current-Drive Requirement for Sustained Burn,current-drive-requirement-estimated-sustained-burn,10.5281/zenodo.22645689,I_p = 9.66 MA,2026-10-11,"Sustaining the breeder's 9.66 MA plasma current continuously, not just achieving it once, requires replacing the portion that decays resistively."
156,t3,De-risking Gates Closed,Gate,Gate Closed: Diagnostics Coverage Sees What the Machine Needs Seen,gate-diagnostics-coverage,10.5281/zenodo.22645689,centrepost 16.84 T,2026-10-11,"Kronos has closed the gate confirming its breeder's sensor suite covers what its control system needs to measure, with enough redundancy that no single failure blinds a control loop."
157,t3,De-risking Gates Closed,Gate,"Gate Closed: Control Policy Proven in the Twin, Before Hardware",gate-control-policy-validation,10.5281/zenodo.22645689,Q = 3.076 (frozen design point) ; I_p = 9.66 MA,2026-10-11,"Every control policy for Hyperion, from disruption correction to startup sequencing, now has to clear the digital twin before it is ever positioned near real plasma."
101,t2,Results & Findings,Result,"Burner's Fueling Rate Checked Against Its Own Modeled Burn Consumption, and It Holds",burner-fueling-rate-matched-to-burn,,Q_E = 1.318 (burner) ; f_n = 5.44% (low-neutron),2026-10-12,"A digital-twin check confirms the D-³He tandem mirror can refuel as fast as it burns, keeping density inside the band its engineering-gain figure assumes."
102,t2,Results & Findings,Result,"The Mirror's Hardest Number: Plug Density, Stated in the Open",plug-density-requirement-stated-in-the-open,,Q_E = 1.318 (burner) ; plug 26.49 T,2026-10-12,"Kronos names plug density — one of the hardest numbers in its tandem-mirror burner design — as an open item, rather than rounding it into the background of an otherwise strong design point."
158,t3,De-risking Gates Closed,Gate,Kronos Closes Fidelity Gate: Digital Twin Reproduces the Frozen Design Point,gate-twin-fidelity,10.5281/zenodo.22645689,Q = 3.076 (frozen design point) ; P_fus = 85.04 MW,2026-10-12,Every other simulation-based gate in Kronos's de-risking register depends on this one: that the digital twin actually agrees with the reference breeder design rather than drifting from it.
159,t3,De-risking Gates Closed,Gate,Gate Closed: Design-Point Method Passes Reproducibility Check,gate-reproducibility,10.5281/zenodo.22645689,,2026-10-12,"An outside runner starting from nothing but the published method and data can now recover the same result Kronos gets, across three independent computing environments."
160,t3,De-risking Gates Closed,Gate,Gate closed: the Aegis fixed forward-base configuration fits,gate-aegis-configuration,10.5281/zenodo.22645689,Q_E = 1.318 (burner) ; f_n = 5.44% (low-neutron),2026-10-12,"Kronos confirms the burner core's engineering figures fit the fixed-installation envelope of Aegis, its forward-base defense housing, not a naval or mobile platform."
103,t2,Results & Findings,Result,Kronos Checks Confinement Scaling for a Compact Spherical Tokamak,confinement-scaling-checked-compact-st,10.5281/zenodo.22136279,Q = 3.076 (frozen design point) ; P_fus = 85.04 MW,2026-10-13,"The breeder's design point sits inside the scaling envelope used to justify its fusion gain, a check run against an independent turbulence dataset."
104,t2,Results & Findings,Result,"Startup Modeled End to End, Cold Plasma to the Frozen Point",startup-scenario-modeled-end-to-end,,Q = 3.076 (frozen design point) ; P_fus = 85.04 MW,2026-10-13,Kronos has run its breeder's full startup sequence in the digital twin and confirmed the modeled path reaches the frozen design point without breaking the machine's structural margin.
105,t2,Results & Findings,Result,Shutdown and Ramp-Down Modeled Without a Forced Disruption,shutdown-ramp-down-modeled,,I_p = 9.66 MA ; centrepost 16.84 T,2026-10-13,"Kronos checked the reverse of the startup path, bringing plasma current and centrepost field back down cleanly, rather than assuming a machine that starts well also stops well."
161,t3,De-risking Gates Closed,Gate,Gate Closed: MetroVolt's Data-Center Configuration Fits Its Shared Burner Core,gate-metrovolt-configuration,10.5281/zenodo.22645689,Q_E = 1.318 (burner) ; f_n = 5.44% (low-neutron),2026-10-13,"One low-neutron D-³He core, two housings — Kronos has confirmed MetroVolt's data-center configuration fits its output characteristics independently of Aegis."
162,t3,De-risking Gates Closed,Gate,Gate closed: direct-DC power reaches the campus boundary clean,gate-direct-dc-delivery,10.5281/zenodo.22645689,η_DEC = 0.49,2026-10-13,"Kronos has closed the de-risking gate confirming MetroVolt can deliver its direct energy-conversion output as clean direct current at the campus interface, without an unnecessary AC conversion stage."
106,t2,Results & Findings,Result,Kronos Maps the Steady-State Operating Window Around Its Frozen Design Point,steady-state-operating-window-mapped,,Q = 3.076 (frozen design point) ; P_fus = 85.04 MW,2026-10-14,"The frozen breeder point sits inside its own mapped operating window with margin on the structural side, but the map does not paper over the one MHD figure that remains unresolved."
108,t2,Results & Findings,Result,Radial-Build Analysis Finds Recoverable Margin in the Breeder's Center-Stack,radial-build-analysis-recoverable-margin,,centrepost 181 MPa PASS,2026-10-14,A layer-by-layer review of the center-stack finds roughly 2 centimeters of radial space that current minimums do not actually require.
109,t2,Results & Findings,Result,Neutron-activation profile computed for the breeder's first wall,neutron-activation-profile-computed,,Q = 3.076 (frozen design point) ; P_fus = 85.04 MW,2026-10-14,"Kronos has traced where radiation damage accumulates fastest across the breeder's neutron-facing structure, ahead of publishing its waste-classification estimate."
163,t3,De-risking Gates Closed,Gate,Kronos Closes De-Risking Gate on Its Staged Fuel-Cycle Plan,gate-fuel-cycle-staging,10.5281/zenodo.22645689,TBR ≥ 1.05 (1.12 SN / 1.07 DN),2026-10-14,"Rather than assuming fleet-scale tritium supply appears instantly, Kronos has staged how tritium bred by a first machine funds startup inventory for the next one."
164,t3,De-risking Gates Closed,Gate,Gate Closed: Isotope Yield Checks Out Against the Neutron Budget,gate-isotope-yield-budgeting,10.5281/zenodo.22645689,TBR ≥ 1.05 (1.12 SN / 1.07 DN),2026-10-14,"Kronos has confirmed its breeder's neutron economy can support isotope-services output on top of self-sufficient tritium breeding, without eroding the breeding margin."
110,t2,Results & Findings,Result,Waste Classification Estimated From the Activation Profile,waste-classification-estimated,,f_n = 5.44% (low-neutron),2026-10-15,"Kronos ran an early waste-classification estimate from its computed activation profile, and found the low-neutron burner and the full-spectrum breeder tell two different stories, reported separately rather than blended."
111,t2,Results & Findings,Result,Modeled Thermal Path Closes Across a Thousand-Kelvin-Plus Gradient,thermal-gradient-managed-across-machine,,P_fus = 85.04 MW,2026-10-15,"From a 20-kelvin magnet network to plasma-facing surfaces exposed to 85 megawatts of fusion power, Hyperion's end-to-end thermal balance checks out without forcing a redesign."
165,t3,De-risking Gates Closed,Gate,Gate closed: the low-neutron safety case stands,gate-safety-case-low-neutron,10.5281/zenodo.22645689,f_n = 5.44% (low-neutron),2026-10-15,"Kronos has closed the de-risking gate on its burner's safety case, grounded in an aneutronic-dominant reaction that holds the neutron fraction to 5.44% and simplifies shielding as a direct consequence."
166,t3,De-risking Gates Closed,Gate,Kronos Closes Manufacturability Gate on a Key Centrepost Component,gate-manufacturability-key-component,10.5281/zenodo.22645689,centrepost 16.84 T,2026-10-15,"Kronos says a design that can't be built isn't a design, and it has now confirmed a key component in the breeder's centrepost can be fabricated to the tolerances its structural and shielding gates assume."
167,t3,De-risking Gates Closed,Gate,Gate Closed: Breeder's Assembly Sequence Clears Digital-Twin Check,gate-assembly-sequence,10.5281/zenodo.22645689,centrepost 16.84 T,2026-10-15,A digital-twin walkthrough confirms the machine's components fit and clear each other in the order the build plan calls for.
112,t2,Results & Findings,Result,Fuel-cycle inventory balanced against losses and decay,fuel-cycle-inventory-balanced,10.5281/zenodo.22645691,TBR ≥ 1.05 (1.12 SN / 1.07 DN),2026-10-16,"Kronos checked its breeder's tritium production against operating losses, radioactive decay, and next-machine startup needs over a modeled campaign, and the margin holds."
113,t2,Results & Findings,Result,Kronos Bounds Tritium Retention in the Breeder's First Wall,tritium-retention-first-wall-bounded,,TBR ≥ 1.05 (1.12 SN / 1.07 DN),2026-10-16,Not all bred tritium reaches the fuel-cycle loop; Kronos checked how much stays trapped in first-wall material and found the breeding margin still holds.
114,t2,Results & Findings,Result,Blanket Breeding Uniformity Checked Across Near-4π Coverage,blanket-breeding-uniformity-checked,,TBR ≥ 1.05 (1.12 SN / 1.07 DN),2026-10-16,"Kronos checked whether a local cold spot in blanket coverage could hide behind an otherwise-healthy average breeding ratio, and found the modeled rate holds even across the blanket."
115,t2,Results & Findings,Result,Plasma-Facing Material Checked Against Combined Design Loads,plasma-facing-material-checked-against-loads,,P_fus = 85.04 MW,2026-10-16,"Kronos tested a candidate first-wall material against neutron fluence and thermal load together, not separately, because that combined case is the one that actually happens in operation."
168,t3,De-risking Gates Closed,Gate,One Gate Left Open on the Record: Helium-3 Doesn't Close Indigenously,gate-open-he3-indigenous,10.5281/zenodo.22645689,TBR ≥ 1.05 (1.12 SN / 1.07 DN),2026-10-16,Kronos names a gap in its own de-risking Register rather than closing it early: helium-3 co-production carries strategic value but is not yet a standalone product.
116,t2,Results & Findings,Result,MHD Operating Limit Located — With the β_N Caveat Named,mhd-operating-limit-located,,I_p = 9.66 MA ; δ = −0.30 (negative triangularity),2026-10-17,"Kronos has located the modeled MHD stability boundary for the breeder's frozen design point, and is naming an unresolved normalized-beta comparison plainly rather than rounding it into a clean pass."
117,t2,Results & Findings,Result,Kronos Bounds Disruption Loads Within the Centrepost's Existing Structural Margin,disruption-load-on-structure-bounded,,I_p = 9.66 MA ; centrepost 181 MPa PASS,2026-10-17,A fast plasma-current dump has to survive on the structure even when the plasma itself doesn't; Kronos says its modeled worst case fits inside the margin already validated for normal operation.
118,t2,Results & Findings,Result,Breeder Control Policy Validated in the Twin Before Hardware,control-policy-validated-before-hardware,,Q = 3.076 (frozen design point) ; I_p = 9.66 MA,2026-10-17,"Startup, steady-state, and disruption-adjacent scenarios all held within the modeled operating window built around the frozen design point."
119,t2,Results & Findings,Result,Digital twin reproduces the frozen design point against independent codes,twin-reproduces-frozen-point-vs-codes,10.5281/zenodo.22136279,Q = 3.076 (frozen design point) ; P_fus = 85.04 MW,2026-10-17,"Kronos benchmarked its digital twin against the CGYRO turbulence dataset and its own frozen design-point anchors, and found the twin holds rather than drifts."
120,t2,Results & Findings,Result,Independent Environment Confirms Kronos's Published Reproduction,reproduction-confirmed-independent-environment,10.5281/zenodo.22645702,,2026-10-17,"A third, independent run of the AI + Quantum method deposit reached the same published figure, outside the environments used at deposit time."
121,t2,Results & Findings,Result,Sensitivity Analysis Narrows What Actually Moves the Design Point,sensitivity-analysis-narrows-design-point,,Q = 3.076 (frozen design point) ; P_fus = 85.04 MW,2026-10-18,Kronos ranked the inputs behind its frozen breeder design point and found a small set of parameters accounts for most of the sensitivity.
122,t2,Results & Findings,Result,A Prior Assumption Revised on New Modeling Evidence,prior-assumption-revised-new-evidence,,,2026-10-18,"Kronos revised one input assumption behind its canonical anchors this cycle, and is saying so in public rather than updating the number without comment."
123,t2,Results & Findings,Result,Kronos Names an Open Gap Before It Bites: Helium-3 Isn't a Standalone Product Yet,open-gate-he3-does-not-close-indigenously,,β_N 2.13 vs 1.53 (open),2026-10-18,"The company draws a clear line between tritium, its base product, and helium-3, a strategically valuable byproduct that does not yet close its own supply chain."
124,t2,Results & Findings,Result,"A Result That Didn't Clear, Reported Honestly",result-that-didnt-clear-reported-honestly,,centrepost 181 MPa PASS ; β_N 2.13 vs 1.53 (open),2026-10-18,A normalized-beta comparison against the design's reference stability limit did not resolve in Kronos's favor this cycle — and the company is publishing that outcome rather than rounding it into a pass.
125,t2,Results & Findings,Result,"Kronos Cross-Checks Breeder and Burner Assumptions, Finds Them Consistent",cross-check-breeder-burner-assumptions,10.5281/zenodo.22645697,centrepost 16.84 T ; plug 26.49 T,2026-10-18,"Hyperion and the Aegis/MetroVolt burner are different machines, but they share a conductor, cryogenic, and structural basis, and Kronos says neither program has drifted from the other's version of it."
4,t1,Papers & Preprints,Paper Update,Kronos Publishes Full Design Paper on the Tritium Breeding Blanket,breeding-blanket-design,10.5281/zenodo.22645937,TBR ≥ 1.05 (1.12 SN / 1.07 DN),2026-10-19,"The paper behind Hyperion's fuel-factory shell lays out the geometry, neutron multiplication, and coverage that turn a fusion neutron into bred tritium."
5,t1,Papers & Preprints,Paper Update,Net self-sufficiency case published as a standalone paper,net-self-sufficiency-case-published-as-a-standalone-paper,10.5281/zenodo.22645706,TBR ≥ 1.05 (1.12 SN / 1.07 DN),2026-10-19,"Kronos has given its breeder's net tritium-breeding result its own citable paper and DOI, the claim that turns Hyperion from a fusion device into a fuel factory that feeds itself."
107,t2,Results & Findings,Result,Kronos Names a Neutron-Tolerance Gap in Its NV-Diamond Sensing Package,nv-sensing-an-honest-gap-named-not-a-multiplier-claimed,10.5281/zenodo.22645752,NV 0.189 pT/√Hz @125 kHz (gated) ; NV neutron tol ~39× short (open),2026-10-19,The same magnetometer package that holds strong field sensitivity falls roughly 39 times short of the neutron-tolerance target it needs for in-vessel deployment.
126,t2,Results & Findings,Result,Net Tritium Breeding Margin Confirmed by Divertor Configuration: 1.12 SN / 1.07 DN,net-tbr-margin-by-divertor-configuration,10.5281/zenodo.22645691,TBR ≥ 1.05 (1.12 SN / 1.07 DN),2026-10-19,"Kronos states its tritium-breeding margin separately for each divertor geometry rather than averaging them, because a plant committing to one geometry commits to a different fuel-cycle margin."
185,t4,Analyses,Analysis,Transport: Modeling the Edge and Scrape-Off Layer,transport-modeling-the-edge-and-scrape-off-layer,10.5281/zenodo.22645830,δ = −0.30 (negative triangularity),2026-10-19,"A second, independent code takes over where the core turbulence model leaves off, checking whether Hyperion's negative-triangularity edge behaves as steadily as designed at the boundary itself."
6,t1,Papers & Preprints,Paper Update,Negative-Triangularity Shaping Paper Published for Hyperion's Outward-Pointing D-Shape,negative-triangularity-shaping,10.5281/zenodo.22645949,δ = −0.30 (negative triangularity),2026-10-20,"The physics case for pointing the plasma boundary the 'wrong' way, and why it steadies both the edge and the divertor, is now in a completed paper."
7,t1,Papers & Preprints,Paper Update,Center-Stack Shielding and Engineering Paper Published,center-stack-shielding-and-engineering,10.5281/zenodo.22645704,centrepost 16.84 T ; centrepost 181 MPa PASS,2026-10-20,"Kronos has published the shielding and engineering paper for the center stack, the column that carries the toroidal field coil through the plasma core and has to survive years of 14.1 MeV neutron bombardment while doing it."
127,t2,Results & Findings,Result,Kronos Reports Fused Quench Detector Reaching AUC 0.992 in Simulation,magnet-twin-fused-quench-detection-reaches-auc-0-992,10.5281/zenodo.22645752,quench AUC 0.992 (gated),2026-10-20,"Combining digital-twin state estimates with simulated magnet sensor telemetry lets a classifier flag a pre-quench state earlier than either data source could alone, at least on the modeled test set."
187,t4,Analyses,Analysis,Kronos Cross-Checks Turbulence Results With a Second Gyrokinetic Code,transport-cross-checking-micro-instabilities-with-a-second,10.5281/zenodo.22645864,δ = −0.30 (negative triangularity),2026-10-20,"Every major confinement claim rests on one code, CGYRO, so Kronos is running a second, independently built solver against it."
245,t6,Design Locks,Design Lock,Design locked: the control-sensor network,design-locked-the-control-sensor-network,10.5281/zenodo.22645943,quench AUC 0.992 (gated) ; NV 0.189 pT/√Hz @125 kHz (gated),2026-10-20,"Kronos has fixed the sensor architecture feeding its plasma-control system, built on published results in quench detection, magnetometry, and safety clamping, with one gap still open."
8,t1,Papers & Preprints,Paper Update,Kronos Publishes Paper on Five-Channel Direct Energy Conversion,five-channel-direct-energy-conversion,10.5281/zenodo.22645700,η_DEC = 0.49,2026-10-21,"The burner converts charged exhaust straight into current across five stacked conversion channels, reaching an efficiency of 0.49 with no steam cycle."
128,t2,Results & Findings,Result,NV-Diamond Magnetometry Reaches 0.189 pT/√Hz at 125 kHz,nv-diamond-magnetometry-reaches-0-189-pt-hz-at-125-khz,10.5281/zenodo.22645752,quench AUC 0.992 (gated) ; NV 0.189 pT/√Hz @125 kHz (gated),2026-10-21,"Kronos's NV-diamond sensor package hits a sensitivity figure strong enough to feed its quench-detection work, while its radiation tolerance for in-vessel use still falls short of qualification."
129,t2,Results & Findings,Result,Control-Barrier-Function Clamp Cuts Safety Violations to 0/100,control-barrier-function-clamp-cuts-safety-violations-to-0,10.5281/zenodo.22645716,,2026-10-21,Adding a mathematical safety clamp to Hyperion's control policy took its violation rate across 100 modeled scenarios from roughly half down to zero.
194,t4,Analyses,Analysis,Analysis Traces the Burner's Energy Path From Plasma Exhaust to Delivered Power,thermal-following-the-energy-path-to-usable-power,10.5281/zenodo.22645860,Q_E = 1.318 (burner) ; f_n = 5.44% (low-neutron),2026-10-21,A five-channel direct-conversion stack turns charged particles into electricity without a steam cycle — Kronos has now accounted for every stage between plasma and the outlet.
195,t4,Analyses,Analysis,Thermal: the cold-side energy books,thermal-the-cold-side-energy-books,10.5281/zenodo.22645840,,2026-10-21,"A cryogenic heat-balance analysis sizes the closed-cycle cooling system for the breeder's magnet set, accounting for every heat load into a system held near 20 K."
9,t1,Papers & Preprints,Paper Update,Kronos Publishes Cryogenic Architecture Paper Covering Both Field Targets,20-k-cryogenic-architecture,10.5281/zenodo.22645840,centrepost 16.84 T ; plug 26.49 T,2026-10-22,"The closed-cycle cryoplant that keeps both Kronos machines' REBCO coils superconducting near 20 K now has its full architecture paper public, covering both field targets under one shared engineering basis."
10,t1,Papers & Preprints,Paper Update,Kronos Publishes Vacuum-Vessel Structural and Thermal Paper,vacuum-vessel-structural-and-thermal,10.5281/zenodo.22645838,,2026-10-22,A 1-D thermal model paired with stress evaluation under normal and off-normal loading finds the breeder's outer shell holds within its design envelope.
11,t1,Papers & Preprints,Paper Update,Divertor and exhaust-handling paper published,divertor-and-exhaust-handling,10.5281/zenodo.22645933,δ = −0.30 (negative triangularity),2026-10-22,"Kronos has published how the breeder channels its highest heat-flux surface, with negative triangularity aimed at steadier, not just lower-peak, loading over a pulse."
196,t4,Analyses,Analysis,Kronos Publishes Component-by-Component Lifetime Analysis,reliability-how-long-each-component-is-expected-to-last,10.5281/zenodo.22645788,,2026-10-22,"Rather than one blanket figure for the whole machine, Kronos assigns each major component an expected service life against the specific mechanism that will wear it out."
197,t4,Analyses,Analysis,Reliability: How Often the Machine Needs Service,reliability-how-often-the-machine-needs-service,10.5281/zenodo.22645951,,2026-10-22,"Kronos has built its maintenance-interval planning directly from component-lifetime analysis, sequenced to minimize downtime across a future fleet of serial units."
12,t1,Papers & Preprints,Paper Update,First-Wall Materials Under 14 MeV Neutrons — Paper Published,first-wall-materials-under-14-mev-neutrons,10.5281/zenodo.22645774,,2026-10-23,Kronos has published its neutron-survivability paper for the single most demanding surface in the machine: the first wall facing the D-T plasma directly.
13,t1,Papers & Preprints,Paper Update,Tandem-Mirror End-Plug Physics Paper Published for the Burner Line,tandem-mirror-end-plug-physics,10.5281/zenodo.22645852,plug 26.49 T,2026-10-23,"Instead of a closed torus, Kronos's D-³He burner confines plasma with electrostatic potential at each end — a completed paper documents the physics behind its 26.49-tesla plug field."
14,t1,Papers & Preprints,Paper Update,Plug-Density Operating Point Stated in the Open — Paper Published,plug-density-operating-point-stated-in-the-open,10.5281/zenodo.22645913,Q_E = 1.318 (burner) ; plug 26.49 T,2026-10-23,"Kronos has published a dedicated paper on central-cell plug density, the tandem mirror's hardest operating requirement, rather than folding it into a broader design document."
199,t4,Analyses,Analysis,Kronos Publishes Sensitivity Analysis on How Robust Its Frozen Design Point Really Is,sensitivity-how-robust-is-the-frozen-design-point,10.5281/zenodo.22645893,Q = 3.076 (frozen design point) ; P_fus = 85.04 MW,2026-10-23,A frozen design point is a single set of numbers; Kronos's new analysis asks how far each input can move before Q and the breeding margin drift outside acceptable bounds.
202,t4,Analyses,Analysis,Kronos Publishes Analysis of Control-System Disturbance Rejection,control-robustness-rejecting-disturbances-during-operation,10.5281/zenodo.22645807,CBF clamp 0/100 vs 50/100 (gated),2026-10-23,"Holding a target state against sensor noise and unmodeled dynamics is a distinct question from whether a safety clamp holds hard limits, and Kronos is answering both separately."
15,t1,Papers & Preprints,Paper Update,Low-neutron D-3He reaction economy paper published,low-neutron-d-he-reaction-economy,10.5281/zenodo.22645766,f_n = 5.44% (low-neutron),2026-10-24,"Kronos has published why the burner's near-aneutronic fuel cycle reshapes shielding, activation, and structural fluence across the machine's life."
16,t1,Papers & Preprints,Paper Update,Kronos Publishes Helium-3 Co-Production Pathway Paper,helium-3-co-production-pathway,10.5281/zenodo.22645734,,2026-10-24,"The breeder's highest-value by-product gets its own pathway paper, framed against tritium as the platform's actual bankable product."
17,t1,Papers & Preprints,Paper Update,Neutron-Economy Materials Platform Paper Published,neutron-economy-materials-platform,10.5281/zenodo.22645764,Q = 3.076 (frozen design point) ; P_fus = 85.04 MW,2026-10-24,"Kronos has published the public case for Hyperion as a materials platform, arguing its resource stream of tritium, helium-3, and high-flux neutrons stands on its own, independent of any electricity export."
18,t1,Papers & Preprints,Paper Update,AI/ML Plasma Control Paper (KRONOS-CTRL) Published,ai-ml-plasma-control-paper-kronos-ctrl,10.5281/zenodo.22645809,,2026-10-24,"Kronos has published the paper positioning its control system as a first-class subsystem across both breeder and burner, not an add-on layered over the plasma physics."
19,t1,Papers & Preprints,Paper Update,"Paper Published on Catching Vertical-Displacement Events in Microseconds, Not Seconds",microsecond-vertical-displacement-control,10.5281/zenodo.22645834,,2026-10-24,A vertical displacement event can outrun a human operator; Kronos has published a control approach designed to catch it on the plasma's own timescale.
20,t1,Papers & Preprints,Paper Update,Load-Following and Grid Integration Paper Published,load-following-and-grid-integration,10.5281/zenodo.22645862,,2026-10-25,"A new paper models how the burner line's direct-DC output tracks a real, variable grid demand profile — a case MetroVolt's data-center application depends on directly."
21,t1,Papers & Preprints,Paper Update,Kronos Publishes Digital-Twin Architecture and Validation Paper,digital-twin-architecture-and-validation,10.5281/zenodo.22645805,,2026-10-25,The component-by-component model Kronos uses to validate designs and train control policy before any hardware exists now has its full architecture and validation methodology on the record.
22,t1,Papers & Preprints,Paper Update,Kronos Publishes Gyrokinetic Turbulence Paper Behind Its CGYRO Results,gyrokinetic-turbulence-paper-cgyro,10.5281/zenodo.22645722,δ = −0.30 (negative triangularity),2026-10-25,"The full methodology behind the negative-triangularity confinement claim is now public, not just the headline number."
23,t1,Papers & Preprints,Paper Update,Edge and scrape-off-layer transport paper published,edge-and-scrape-off-layer-transport,10.5281/zenodo.22645830,,2026-10-25,"Kronos has published the physics governing the plasma boundary between the breeder's confined core and its divertor, connecting directly to its negative-triangularity and divertor design results."
24,t1,Papers & Preprints,Paper Update,Kronos Publishes MHD Stability and Operating-Limits Paper,mhd-stability-and-operating-limits,10.5281/zenodo.22645740,β_N 2.13 vs 1.53 (open),2026-10-25,The paper defining where the breeder's operating window ends also names an unresolved gap in normalized beta rather than picking the more favorable figure.
25,t1,Papers & Preprints,Paper Update,Magnet Quench and Protection Paper Published,magnet-quench-and-protection,10.5281/zenodo.22645752,,2026-10-26,Kronos has published the protection architecture that detects a superconducting magnet quench early and routes stored energy out safely before it can damage the coil.
27,t1,Papers & Preprints,Paper Update,Fuel-Cycle Staging Strategy Paper Published,fuel-cycle-staging-strategy,10.5281/zenodo.22645746,TBR ≥ 1.05 (1.12 SN / 1.07 DN),2026-10-26,Tritium's own 12.3-year half-life is why Kronos stages its fuel cycle rather than building a single inventory all at once; the strategy paper explaining why is now published.
28,t1,Papers & Preprints,Paper Update,Isotope Production and Neutron-Services Paper Published for the Breeder Platform,isotope-production-and-neutron-services,10.5281/zenodo.22645691,,2026-10-26,"A high-flux 14.1 MeV neutron source generates more than tritium — Kronos has published the case for using neutron irradiation services as an addition to, not a substitute for, its core breeding mission."
29,t1,Papers & Preprints,Paper Update,Medical-Isotope Pathway Paper Published,medical-isotope-pathway,10.5281/zenodo.22645762,,2026-10-26,"Kronos has published a paper on a pathway toward medical isotope production, a co-located application of the same high-flux neutron source the breeder uses to breed its primary fuel."
30,t1,Papers & Preprints,Paper Update,Kronos Publishes Reproducibility and Open-Evaluator Methods Paper,reproducibility-and-open-evaluator-method,10.5281/zenodo.22645710,,2026-10-26,"Kronos has published the methods paper meant to make every result in its series executable, not just citable: a design point isn't just stated as a number, it's re-derivable."
31,t1,Papers & Preprints,Paper Update,Kronos Publishes Methodology Paper Behind Its De-Risking Register,de-risking-register-methodology,10.5281/zenodo.22645689,,2026-10-27,"The paper explains how a fusion program turns into a set of individually checkable claims, and how an open gate gets named rather than hidden."
32,t1,Papers & Preprints,Paper Update,Aegis defense-burner configuration paper published,aegis-defense-burner-configuration,10.5281/zenodo.22645693,Q_E = 1.318 (burner) ; f_n = 5.44% (low-neutron),2026-10-27,"Kronos has published how its shared burner core and five-channel direct-energy-conversion stack are packaged into Aegis, a fixed forward-base generator, not a naval or mobile platform."
33,t1,Papers & Preprints,Paper Update,Kronos Publishes MetroVolt Data-Center Burner Configuration Paper,metrovolt-data-center-burner-configuration,10.5281/zenodo.22645695,Q_E = 1.318 (burner) ; f_n = 5.44% (low-neutron),2026-10-27,The configuration paper for the data-center housing built on the shared burner core describes direct-DC output built to match how modern data centers already run power internally.
35,t1,Papers & Preprints,Paper Update,Thermal Management Across the Cryo–Plasma Gradient: Paper Published,thermal-management-across-the-cryo-plasma-gradient,10.5281/zenodo.22645901,,2026-10-27,Kronos has published the end-to-end thermal path connecting a 20 K magnet coil to a fusion-temperature plasma core across centimeters of shielding.
36,t1,Papers & Preprints,Paper Update,Neutron Fluence and Shielding Budget for the Breeder Core — Paper Published,neutron-fluence-and-shielding-budget-for-the-breeder-core,10.5281/zenodo.22645708,centrepost 16.84 T ; centrepost 181 MPa PASS,2026-10-27,"Kronos has published the fluence-budgeting paper that sizes every shielding layer between the plasma and the outside world, working outward from the first wall the centrepost already shares a load case with."
37,t1,Papers & Preprints,Paper Update,One Paper Compares Radiation Activation Across Both the Breeder and the Burner,activation-and-materials-lifetime-across-both-machines,10.5281/zenodo.22645878,f_n = 5.44% (low-neutron),2026-10-28,The breeder runs full D-T fusion; the burner holds its neutron fraction to 5.44%. A new paper works the activation and materials-lifetime question for both machines side by side.
38,t1,Papers & Preprints,Paper Update,First-Wall and Divertor Survivability Under Steady-State Load — Paper Published,first-wall-and-divertor-survivability-under-steady-state,10.5281/zenodo.22645850,δ = −0.30 (negative triangularity),2026-10-28,"A new paper shows how the breeder's negative-triangularity shaping keeps first-wall and divertor loading steady rather than pulsed, the difference between components rated for years and components rated for one transient."
40,t1,Papers & Preprints,Paper Update,"Kronos Publishes Pressure-Performance and Beta-Limit Paper, Names One Open Item",pressure-performance-and-the-beta-limit,10.5281/zenodo.22645720,β_N 2.13 vs 1.53 (open),2026-10-28,"How hard the breeder's plasma can be pressurized before instabilities set the limit is now a published paper, and it does not hide the one beta figure Kronos hasn't yet resolved."
41,t1,Papers & Preprints,Paper Update,Kronos Publishes Paper on Sustaining the Breeder's Plasma Current,sustaining-the-plasma-current-current-drive,10.5281/zenodo.22645758,I_p = 9.66 MA,2026-10-28,"Holding 9.66 megamperes through a pulse takes more than reaching it once, and the current-drive paper documents how Hyperion does it."
42,t1,Papers & Preprints,Paper Update,Feeding the burn: pellet-fueling paper published for Hyperion,feeding-the-burn-pellet-fueling,10.5281/zenodo.22645848,,2026-10-28,"Kronos has published how it plans to keep the breeder's plasma density in range over a pulse, replacing fuel at the rate the core actually consumes it."
43,t1,Papers & Preprints,Paper Update,"Kronos Publishes Diagnostics Suite Paper, Turning Plasma Into Data",turning-plasma-into-data-the-diagnostics-suite-paper,10.5281/zenodo.22645943,NV 0.189 pT/√Hz @125 kHz (gated),2026-10-29,"The sensing layer that control and every other subsystem depends on is documented in full, with NV-diamond magnetometry confirmed to a specific sensitivity figure."
44,t1,Papers & Preprints,Paper Update,Proof Before the AI Touches Plasma: Control-Validation Methodology,proof-before-the-ai-touches-plasma-control-validation,10.5281/zenodo.22645795,CBF clamp 0/100 vs 50/100 (gated),2026-10-29,"Kronos requires any learned control policy to clear a hard safety clamp before it can act near a live plasma, and the clamp held violations to zero in testing."
45,t1,Papers & Preprints,Paper Update,The Modeling Stack Behind Every Design Claim — Architecture Paper,the-modeling-stack-behind-every-design-claim-architecture,10.5281/zenodo.22645866,δ = −0.30 (negative triangularity),2026-10-29,"Kronos has documented, end to end, which code does which job and how results move between stages, the architecture underneath every number the company has frozen so far."
46,t1,Papers & Preprints,Paper Update,Verification Paper Checks Kronos's Own Codes Against the Field's Established Tools,checking-our-codes-against-the-field-s-verification-paper,10.5281/zenodo.22645864,δ = −0.30 (negative triangularity),2026-10-29,The negative-triangularity confinement claim was already benchmarked against nonlinear CGYRO — a new paper extends that same external cross-checking across the rest of the modeling stack.
47,t1,Papers & Preprints,Paper Update,The Safety Case for a Low-Neutron Burner — Paper Published,the-safety-case-for-a-low-neutron-burner,10.5281/zenodo.22645917,f_n = 5.44% (low-neutron),2026-10-29,"Kronos has published the formal safety case for its D-³He burner, grounded in fusion's inherent shutdown property and an aneutronic-dominant reaction that keeps the neutron fraction to 5.44%."
48,t1,Papers & Preprints,Paper Update,Kronos Publishes Waste and Activation Profile Across Its Fleet,what-stays-behind-waste-and-activation-profile-across-the,10.5281/zenodo.22645846,f_n = 5.44% (low-neutron),2026-10-30,"Kronos has published a full accounting of what its machines leave behind, not just what they produce while running, comparing the breeder's full neutron output against the burner's low-neutron design."
49,t1,Papers & Preprints,Paper Update,Kronos Publishes Site-Level Environmental Characterization Paper,site-level-environmental-characterization,10.5281/zenodo.22645754,,2026-10-30,"A public-safe look at footprint and land use for a breeder or burner installation stays scoped to characterization, not an impact assessment."
50,t1,Papers & Preprints,Paper Update,A short companion note ties confinement to heating at the frozen design point,a-short-companion-note-on-confinement-and-heating,10.5281/zenodo.22645872,Q = 3.076 (frozen design point) ; I_p = 9.66 MA,2026-10-30,"Not every Kronos result needs a full paper. This addendum links the confinement-scaling and current-drive work already published, at the breeder's Q = 3.076 operating point."
52,t1,Papers & Preprints,Paper Update,Kronos Publishes Standalone Data Descriptor for Blanket Neutronics,blanket-neutronics-dataset-documented-as-a-standalone-data,10.5281/zenodo.22645881,TBR ≥ 1.05 (1.12 SN / 1.07 DN),2026-10-30,"Geometry, source terms, and multiplication assumptions behind the breeding blanket are now documented well enough for the underlying neutron-transport runs to be re-derived."
53,t1,Papers & Preprints,Paper Update,Turbulent-Transport Run Data Documented as a Standalone Descriptor,turbulent-transport-run-data-documented-as-a-standalone,10.5281/zenodo.22136279,δ = −0.30 (negative triangularity),2026-10-30,"Kronos has released the run-level detail behind its negative-triangularity confinement claim, covering the specific gyrokinetic simulations rather than just their conclusions."
54,t1,Papers & Preprints,Paper Update,Digital-Twin Validation Data Documented as a Standalone Descriptor,digital-twin-validation-data-documented-as-a-standalone,10.5281/zenodo.22645805,,2026-10-31,"The dataset Kronos uses to check its digital twin against physics codes and benchmarks now has its own published descriptor, so the check itself is on the record, not just the claim that it happened."
65,t1,Papers & Preprints,Paper Update,"New Note Shows the Assumptions Behind Kronos's Frozen Design Numbers, Not Just the Numbers",showing-the-inputs-not-just-the-outputs-an-assumptions-and,10.5281/zenodo.22645893,,2026-10-31,A companion document lays out how key inputs were chosen and how sensitive the program's headline figures are to reasonable variation in them.
66,t1,Papers & Preprints,Paper Update,"The Work We Haven't Closed, Named: An Open-Gates Companion Note",the-work-we-haven-t-closed-named-an-open-gates-companion,10.5281/zenodo.22645689,β_N 2.13 vs 1.53 (open),2026-10-31,"Alongside its closed gates, Kronos publishes a companion note naming what hasn't resolved yet — a sensor-tolerance gap, a structural margin still to recover, and an unresolved stability comparison — plainly and without rounding them away."
69,t1,Papers & Preprints,Paper Update,Kronos Publishes Power-Quality Paper for the Burner's Direct-DC Interface,power-quality-at-the-grid-boundary-direct-dc-interface,10.5281/zenodo.22645783,Q_E = 1.318 (burner) ; η_DEC = 0.49,2026-10-31,Skipping a thermal cycle changes what shows up at the boundary between the burner and whatever it powers; Kronos has now published how that direct-DC interface is conditioned for a data-center or forward-base load.
